method,seed,taxon_count,model,stat,computation,time,task
treeflow,1,8,jc,mean,likelihood_time,0.0023288600999649134,likelihood
treeflow,1,8,jc,min,likelihood_time,0.001923449000059918,likelihood
treeflow_native,1,8,jc,mean,likelihood_time,0.0020963536999943242,likelihood
treeflow_native,1,8,jc,min,likelihood_time,0.0017221079999671929,likelihood
jax,1,8,jc,mean,likelihood_time,0.016175125500012655,likelihood
jax,1,8,jc,min,likelihood_time,0.015582580000000235,likelihood
jax_jit,1,8,jc,mean,likelihood_time,4.369800003587443e-05,likelihood
jax_jit,1,8,jc,min,likelihood_time,2.5248000156352646e-05,likelihood
treeflow,1,8,full,mean,likelihood_time,0.0027331040000490247,likelihood
treeflow,1,8,full,min,likelihood_time,0.0024663229999077885,likelihood
treeflow_native,1,8,full,mean,likelihood_time,0.002359344000001329,likelihood
treeflow_native,1,8,full,min,likelihood_time,0.0021345499999370077,likelihood
jax,1,8,full,mean,likelihood_time,0.02539640800005145,likelihood
jax,1,8,full,min,likelihood_time,0.024016475000053106,likelihood
jax_jit,1,8,full,mean,likelihood_time,6.533040007070668e-05,likelihood
jax_jit,1,8,full,min,likelihood_time,4.8341000137952506e-05,likelihood
treeflow,2,8,jc,mean,likelihood_time,0.00223417680001603,likelihood
treeflow,2,8,jc,min,likelihood_time,0.0019945940000525297,likelihood
treeflow_native,2,8,jc,mean,likelihood_time,0.001912154199953875,likelihood
treeflow_native,2,8,jc,min,likelihood_time,0.0016320229999564617,likelihood
jax,2,8,jc,mean,likelihood_time,0.016403656900047282,likelihood
jax,2,8,jc,min,likelihood_time,0.01552576299991415,likelihood
jax_jit,2,8,jc,mean,likelihood_time,4.410709993862838e-05,likelihood
jax_jit,2,8,jc,min,likelihood_time,2.4821999886626145e-05,likelihood
treeflow,2,8,full,mean,likelihood_time,0.0027351110000381597,likelihood
treeflow,2,8,full,min,likelihood_time,0.002454745999784791,likelihood
treeflow_native,2,8,full,mean,likelihood_time,0.0023221358000228066,likelihood
treeflow_native,2,8,full,min,likelihood_time,0.0021761360003438313,likelihood
jax,2,8,full,mean,likelihood_time,0.023704898899995896,likelihood
jax,2,8,full,min,likelihood_time,0.02296099300019705,likelihood
jax_jit,2,8,full,mean,likelihood_time,7.215500004349451e-05,likelihood
jax_jit,2,8,full,min,likelihood_time,5.231100021774182e-05,likelihood
treeflow,3,8,jc,mean,likelihood_time,0.002251948800039827,likelihood
treeflow,3,8,jc,min,likelihood_time,0.001926937000007456,likelihood
treeflow_native,3,8,jc,mean,likelihood_time,0.0019317704999593844,likelihood
treeflow_native,3,8,jc,min,likelihood_time,0.0016759709997131722,likelihood
jax,3,8,jc,mean,likelihood_time,0.015972257800058287,likelihood
jax,3,8,jc,min,likelihood_time,0.015463487000033638,likelihood
jax_jit,3,8,jc,mean,likelihood_time,5.143850012245821e-05,likelihood
jax_jit,3,8,jc,min,likelihood_time,3.309999965495081e-05,likelihood
treeflow,3,8,full,mean,likelihood_time,0.002606682900022861,likelihood
treeflow,3,8,full,min,likelihood_time,0.0023615980003341974,likelihood
treeflow_native,3,8,full,mean,likelihood_time,0.002826796900035333,likelihood
treeflow_native,3,8,full,min,likelihood_time,0.0023888810001153615,likelihood
jax,3,8,full,mean,likelihood_time,0.026334448299985526,likelihood
jax,3,8,full,min,likelihood_time,0.025006056999700377,likelihood
jax_jit,3,8,full,mean,likelihood_time,8.609720002823451e-05,likelihood
jax_jit,3,8,full,min,likelihood_time,5.1959999836981297e-05,likelihood
treeflow,1,16,jc,mean,likelihood_time,0.0027094851999208912,likelihood
treeflow,1,16,jc,min,likelihood_time,0.002328265999949508,likelihood
treeflow_native,1,16,jc,mean,likelihood_time,0.002301438000085909,likelihood
treeflow_native,1,16,jc,min,likelihood_time,0.0018158309999307676,likelihood
jax,1,16,jc,mean,likelihood_time,0.0328438637000545,likelihood
jax,1,16,jc,min,likelihood_time,0.030494896000163862,likelihood
jax_jit,1,16,jc,mean,likelihood_time,4.698590000771219e-05,likelihood
jax_jit,1,16,jc,min,likelihood_time,3.0130000141070923e-05,likelihood
treeflow,1,16,full,mean,likelihood_time,0.0034648893999928987,likelihood
treeflow,1,16,full,min,likelihood_time,0.002919134999956441,likelihood
treeflow_native,1,16,full,mean,likelihood_time,0.0028568298000209323,likelihood
treeflow_native,1,16,full,min,likelihood_time,0.0022601709997616126,likelihood
jax,1,16,full,mean,likelihood_time,0.03817601839987219,likelihood
jax,1,16,full,min,likelihood_time,0.03696560199978194,likelihood
jax_jit,1,16,full,mean,likelihood_time,0.00014312889998109314,likelihood
jax_jit,1,16,full,min,likelihood_time,0.0001022890000967891,likelihood
treeflow,2,16,jc,mean,likelihood_time,0.002248790000021472,likelihood
treeflow,2,16,jc,min,likelihood_time,0.002071144000183267,likelihood
treeflow_native,2,16,jc,mean,likelihood_time,0.0018815006000295399,likelihood
treeflow_native,2,16,jc,min,likelihood_time,0.001721378000183904,likelihood
jax,2,16,jc,mean,likelihood_time,0.030097130400099557,likelihood
jax,2,16,jc,min,likelihood_time,0.029496968000330526,likelihood
jax_jit,2,16,jc,mean,likelihood_time,5.554890003622859e-05,likelihood
jax_jit,2,16,jc,min,likelihood_time,3.979499979323009e-05,likelihood
treeflow,2,16,full,mean,likelihood_time,0.003074181600004522,likelihood
treeflow,2,16,full,min,likelihood_time,0.002849536000212538,likelihood
treeflow_native,2,16,full,mean,likelihood_time,0.002448466199939503,likelihood
treeflow_native,2,16,full,min,likelihood_time,0.0022638499999629857,likelihood
jax,2,16,full,mean,likelihood_time,0.04038818070007437,likelihood
jax,2,16,full,min,likelihood_time,0.038487956000153645,likelihood
jax_jit,2,16,full,mean,likelihood_time,9.520590001557138e-05,likelihood
jax_jit,2,16,full,min,likelihood_time,6.872800031487714e-05,likelihood
treeflow,3,16,jc,mean,likelihood_time,0.002647791000072175,likelihood
treeflow,3,16,jc,min,likelihood_time,0.0022589550003431214,likelihood
treeflow_native,3,16,jc,mean,likelihood_time,0.001996350099943811,likelihood
treeflow_native,3,16,jc,min,likelihood_time,0.0017692629999146448,likelihood
jax,3,16,jc,mean,likelihood_time,0.031765136999956665,likelihood
jax,3,16,jc,min,likelihood_time,0.028918701999828045,likelihood
jax_jit,3,16,jc,mean,likelihood_time,5.734950004807615e-05,likelihood
jax_jit,3,16,jc,min,likelihood_time,4.0855999941413756e-05,likelihood
treeflow,3,16,full,mean,likelihood_time,0.0028999660999943443,likelihood
treeflow,3,16,full,min,likelihood_time,0.002636461000292911,likelihood
treeflow_native,3,16,full,mean,likelihood_time,0.0024585944999216736,likelihood
treeflow_native,3,16,full,min,likelihood_time,0.0022127870001895644,likelihood
jax,3,16,full,mean,likelihood_time,0.0378936576999422,likelihood
jax,3,16,full,min,likelihood_time,0.03636833700011266,likelihood
jax_jit,3,16,full,mean,likelihood_time,0.00014774139995097358,likelihood
jax_jit,3,16,full,min,likelihood_time,0.00010086099973705132,likelihood
treeflow,1,32,jc,mean,likelihood_time,0.002534670000113692,likelihood
treeflow,1,32,jc,min,likelihood_time,0.002353915000185225,likelihood
treeflow_native,1,32,jc,mean,likelihood_time,0.001986255200017695,likelihood
treeflow_native,1,32,jc,min,likelihood_time,0.0017856289996416308,likelihood
jax,1,32,jc,mean,likelihood_time,0.06410009020005418,likelihood
jax,1,32,jc,min,likelihood_time,0.05972956499999782,likelihood
jax_jit,1,32,jc,mean,likelihood_time,7.015769988356624e-05,likelihood
jax_jit,1,32,jc,min,likelihood_time,4.377100003694068e-05,likelihood
treeflow,1,32,full,mean,likelihood_time,0.004098949700028243,likelihood
treeflow,1,32,full,min,likelihood_time,0.00364366300027541,likelihood
treeflow_native,1,32,full,mean,likelihood_time,0.002880846900052347,likelihood
treeflow_native,1,32,full,min,likelihood_time,0.0025579570001355023,likelihood
jax,1,32,full,mean,likelihood_time,0.06663575849997869,likelihood
jax,1,32,full,min,likelihood_time,0.06480535499986217,likelihood
jax_jit,1,32,full,mean,likelihood_time,0.00010143519994016969,likelihood
jax_jit,1,32,full,min,likelihood_time,7.540499973401893e-05,likelihood
treeflow,2,32,jc,mean,likelihood_time,0.0029378347000601933,likelihood
treeflow,2,32,jc,min,likelihood_time,0.002418317000319803,likelihood
treeflow_native,2,32,jc,mean,likelihood_time,0.002339530599920181,likelihood
treeflow_native,2,32,jc,min,likelihood_time,0.002098814999953902,likelihood
jax,2,32,jc,mean,likelihood_time,0.06275269140005549,likelihood
jax,2,32,jc,min,likelihood_time,0.06102751099979287,likelihood
jax_jit,2,32,jc,mean,likelihood_time,7.532149998041859e-05,likelihood
jax_jit,2,32,jc,min,likelihood_time,5.2657000196632e-05,likelihood
treeflow,2,32,full,mean,likelihood_time,0.0034651680999559175,likelihood
treeflow,2,32,full,min,likelihood_time,0.0032550250002714165,likelihood
treeflow_native,2,32,full,mean,likelihood_time,0.00291456630002358,likelihood
treeflow_native,2,32,full,min,likelihood_time,0.002649861999998393,likelihood
jax,2,32,full,mean,likelihood_time,0.0706937119000031,likelihood
jax,2,32,full,min,likelihood_time,0.06468603299981623,likelihood
jax_jit,2,32,full,mean,likelihood_time,0.00018332080007894548,likelihood
jax_jit,2,32,full,min,likelihood_time,0.00014985700045144768,likelihood
treeflow,3,32,jc,mean,likelihood_time,0.0024773206000645587,likelihood
treeflow,3,32,jc,min,likelihood_time,0.0022865539999656903,likelihood
treeflow_native,3,32,jc,mean,likelihood_time,0.0020403502998306068,likelihood
treeflow_native,3,32,jc,min,likelihood_time,0.0018637069997566869,likelihood
jax,3,32,jc,mean,likelihood_time,0.06057645479995699,likelihood
jax,3,32,jc,min,likelihood_time,0.05871918499997264,likelihood
jax_jit,3,32,jc,mean,likelihood_time,8.181029993465927e-05,likelihood
jax_jit,3,32,jc,min,likelihood_time,5.384399992180988e-05,likelihood
treeflow,3,32,full,mean,likelihood_time,0.003587046200027544,likelihood
treeflow,3,32,full,min,likelihood_time,0.0032978770000227087,likelihood
treeflow_native,3,32,full,mean,likelihood_time,0.0030492248999507863,likelihood
treeflow_native,3,32,full,min,likelihood_time,0.0027373859998078842,likelihood
jax,3,32,full,mean,likelihood_time,0.07512800929998775,likelihood
jax,3,32,full,min,likelihood_time,0.07271173700019062,likelihood
jax_jit,3,32,full,mean,likelihood_time,0.00012868309995610615,likelihood
jax_jit,3,32,full,min,likelihood_time,8.738199994695606e-05,likelihood
treeflow,1,64,jc,mean,likelihood_time,0.003121194699951957,likelihood
treeflow,1,64,jc,min,likelihood_time,0.002749922000020888,likelihood
treeflow_native,1,64,jc,mean,likelihood_time,0.0025294453000242354,likelihood
treeflow_native,1,64,jc,min,likelihood_time,0.0019709660000444273,likelihood
jax,1,64,jc,mean,likelihood_time,0.11572812760009583,likelihood
jax,1,64,jc,min,likelihood_time,0.11105904399983046,likelihood
jax_jit,1,64,jc,mean,likelihood_time,9.776910001164651e-05,likelihood
jax_jit,1,64,jc,min,likelihood_time,7.493700013583293e-05,likelihood
treeflow,1,64,full,mean,likelihood_time,0.004448278100016978,likelihood
treeflow,1,64,full,min,likelihood_time,0.0040523440002289135,likelihood
treeflow_native,1,64,full,mean,likelihood_time,0.0029407485000319867,likelihood
treeflow_native,1,64,full,min,likelihood_time,0.0026571430003059504,likelihood
jax,1,64,full,mean,likelihood_time,0.13766233290002675,likelihood
jax,1,64,full,min,likelihood_time,0.12582169000006616,likelihood
jax_jit,1,64,full,mean,likelihood_time,0.00025835879996520815,likelihood
jax_jit,1,64,full,min,likelihood_time,0.0001418460001332278,likelihood
treeflow,2,64,jc,mean,likelihood_time,0.00287043729999823,likelihood
treeflow,2,64,jc,min,likelihood_time,0.0025798560000112047,likelihood
treeflow_native,2,64,jc,mean,likelihood_time,0.00212039130001358,likelihood
treeflow_native,2,64,jc,min,likelihood_time,0.0019206960000701656,likelihood
jax,2,64,jc,mean,likelihood_time,0.11068613430011283,likelihood
jax,2,64,jc,min,likelihood_time,0.10683593000021574,likelihood
jax_jit,2,64,jc,mean,likelihood_time,0.0002497721999588975,likelihood
jax_jit,2,64,jc,min,likelihood_time,0.00017041999990397017,likelihood
treeflow,2,64,full,mean,likelihood_time,0.0051382589000695585,likelihood
treeflow,2,64,full,min,likelihood_time,0.004567123000015272,likelihood
treeflow_native,2,64,full,mean,likelihood_time,0.002944410600093761,likelihood
treeflow_native,2,64,full,min,likelihood_time,0.002710570000090229,likelihood
jax,2,64,full,mean,likelihood_time,0.12491276279993144,likelihood
jax,2,64,full,min,likelihood_time,0.12102737999975943,likelihood
jax_jit,2,64,full,mean,likelihood_time,0.0003630155000337254,likelihood
jax_jit,2,64,full,min,likelihood_time,0.00028916199971718015,likelihood
treeflow,3,64,jc,mean,likelihood_time,0.0035606109999662293,likelihood
treeflow,3,64,jc,min,likelihood_time,0.003085046000251168,likelihood
treeflow_native,3,64,jc,mean,likelihood_time,0.002604380000002493,likelihood
treeflow_native,3,64,jc,min,likelihood_time,0.0021045230000709125,likelihood
jax,3,64,jc,mean,likelihood_time,0.11997871499997928,likelihood
jax,3,64,jc,min,likelihood_time,0.11267759800011845,likelihood
jax_jit,3,64,jc,mean,likelihood_time,0.00022849320007480855,likelihood
jax_jit,3,64,jc,min,likelihood_time,0.0001626780003789463,likelihood
treeflow,3,64,full,mean,likelihood_time,0.005081743499977165,likelihood
treeflow,3,64,full,min,likelihood_time,0.0045103369998287235,likelihood
treeflow_native,3,64,full,mean,likelihood_time,0.003083949699976074,likelihood
treeflow_native,3,64,full,min,likelihood_time,0.002783586999612453,likelihood
jax,3,64,full,mean,likelihood_time,0.12941770310003448,likelihood
jax,3,64,full,min,likelihood_time,0.12258952000001955,likelihood
jax_jit,3,64,full,mean,likelihood_time,0.0003958386999784125,likelihood
jax_jit,3,64,full,min,likelihood_time,0.0003109809999841673,likelihood
treeflow,1,128,jc,mean,likelihood_time,0.0045180363999406834,likelihood
treeflow,1,128,jc,min,likelihood_time,0.0039031460000842344,likelihood
treeflow_native,1,128,jc,mean,likelihood_time,0.0028190514000471013,likelihood
treeflow_native,1,128,jc,min,likelihood_time,0.0023723019999124517,likelihood
jax,1,128,jc,mean,likelihood_time,0.25673626270008754,likelihood
jax,1,128,jc,min,likelihood_time,0.24201345400024366,likelihood
jax_jit,1,128,jc,mean,likelihood_time,0.00017146050008705062,likelihood
jax_jit,1,128,jc,min,likelihood_time,0.00014620599995396333,likelihood
treeflow,1,128,full,mean,likelihood_time,0.007646506800074349,likelihood
treeflow,1,128,full,min,likelihood_time,0.00664177299995572,likelihood
treeflow_native,1,128,full,mean,likelihood_time,0.0036101630999382907,likelihood
treeflow_native,1,128,full,min,likelihood_time,0.003330960999846866,likelihood
jax,1,128,full,mean,likelihood_time,0.2494476761000442,likelihood
jax,1,128,full,min,likelihood_time,0.24407643299991832,likelihood
jax_jit,1,128,full,mean,likelihood_time,0.00030650480002805127,likelihood
jax_jit,1,128,full,min,likelihood_time,0.00021378800011007115,likelihood
treeflow,2,128,jc,mean,likelihood_time,0.0047005568001168285,likelihood
treeflow,2,128,jc,min,likelihood_time,0.004198754000299232,likelihood
treeflow_native,2,128,jc,mean,likelihood_time,0.0026458975999958056,likelihood
treeflow_native,2,128,jc,min,likelihood_time,0.002371589999711432,likelihood
jax,2,128,jc,mean,likelihood_time,0.24671848619996126,likelihood
jax,2,128,jc,min,likelihood_time,0.2379555640000035,likelihood
jax_jit,2,128,jc,mean,likelihood_time,0.00030144099991957773,likelihood
jax_jit,2,128,jc,min,likelihood_time,0.0002391640000496409,likelihood
treeflow,2,128,full,mean,likelihood_time,0.008616006900001593,likelihood
treeflow,2,128,full,min,likelihood_time,0.007962077999764006,likelihood
treeflow_native,2,128,full,mean,likelihood_time,0.004020211900069626,likelihood
treeflow_native,2,128,full,min,likelihood_time,0.0034233390001645603,likelihood
jax,2,128,full,mean,likelihood_time,0.2565423649999957,likelihood
jax,2,128,full,min,likelihood_time,0.24737169299987727,likelihood
jax_jit,2,128,full,mean,likelihood_time,0.0003586316000109946,likelihood
jax_jit,2,128,full,min,likelihood_time,0.00028234000001248205,likelihood
treeflow,3,128,jc,mean,likelihood_time,0.004132477500024834,likelihood
treeflow,3,128,jc,min,likelihood_time,0.0037773340000057942,likelihood
treeflow_native,3,128,jc,mean,likelihood_time,0.00275627170003645,likelihood
treeflow_native,3,128,jc,min,likelihood_time,0.0022647829996458313,likelihood
jax,3,128,jc,mean,likelihood_time,0.257414854200033,likelihood
jax,3,128,jc,min,likelihood_time,0.25382506699997975,likelihood
jax_jit,3,128,jc,mean,likelihood_time,0.0003257731998928648,likelihood
jax_jit,3,128,jc,min,likelihood_time,0.00026211999966108124,likelihood
treeflow,3,128,full,mean,likelihood_time,0.00889239909997741,likelihood
treeflow,3,128,full,min,likelihood_time,0.00756373900003382,likelihood
treeflow_native,3,128,full,mean,likelihood_time,0.003968643299958785,likelihood
treeflow_native,3,128,full,min,likelihood_time,0.0035824520000460325,likelihood
jax,3,128,full,mean,likelihood_time,0.24986901289989874,likelihood
jax,3,128,full,min,likelihood_time,0.2379596840000886,likelihood
jax_jit,3,128,full,mean,likelihood_time,0.0007429235000017797,likelihood
jax_jit,3,128,full,min,likelihood_time,0.0006088889999773528,likelihood
treeflow,1,8,jc,mean,gradient_time,0.002723956900013036,likelihood
treeflow,1,8,jc,min,gradient_time,0.0025854809998691053,likelihood
treeflow_native,1,8,jc,mean,gradient_time,0.0019945895999853745,likelihood
treeflow_native,1,8,jc,min,gradient_time,0.0018184939999628114,likelihood
jax,1,8,jc,mean,gradient_time,0.10315168379993338,likelihood
jax,1,8,jc,min,gradient_time,0.09934034100001554,likelihood
jax_jit,1,8,jc,mean,gradient_time,3.6921600030836996e-05,likelihood
jax_jit,1,8,jc,min,gradient_time,2.7805999934571446e-05,likelihood
treeflow,1,8,full,mean,gradient_time,0.003346711100016364,likelihood
treeflow,1,8,full,min,gradient_time,0.003207025999927282,likelihood
treeflow_native,1,8,full,mean,gradient_time,0.0029601519000152622,likelihood
treeflow_native,1,8,full,min,gradient_time,0.00279370199996265,likelihood
jax,1,8,full,mean,gradient_time,0.21672713819998535,likelihood
jax,1,8,full,min,gradient_time,0.21316806200002247,likelihood
jax_jit,1,8,full,mean,gradient_time,6.902120003360324e-05,likelihood
jax_jit,1,8,full,min,gradient_time,5.836900004396739e-05,likelihood
treeflow,2,8,jc,mean,gradient_time,0.0025115389001030054,likelihood
treeflow,2,8,jc,min,gradient_time,0.0024132870000812545,likelihood
treeflow_native,2,8,jc,mean,gradient_time,0.001982412500001374,likelihood
treeflow_native,2,8,jc,min,gradient_time,0.0018696770000588003,likelihood
jax,2,8,jc,mean,gradient_time,0.10190658159999658,likelihood
jax,2,8,jc,min,gradient_time,0.09904773800008115,likelihood
jax_jit,2,8,jc,mean,gradient_time,3.567320000001928e-05,likelihood
jax_jit,2,8,jc,min,gradient_time,2.878299983422039e-05,likelihood
treeflow,2,8,full,mean,gradient_time,0.0034617719999005202,likelihood
treeflow,2,8,full,min,gradient_time,0.003299956999853748,likelihood
treeflow_native,2,8,full,mean,gradient_time,0.0029447255000377482,likelihood
treeflow_native,2,8,full,min,gradient_time,0.002750080000168964,likelihood
jax,2,8,full,mean,gradient_time,0.22200619100012772,likelihood
jax,2,8,full,min,gradient_time,0.21154329500041058,likelihood
jax_jit,2,8,full,mean,gradient_time,8.474359997308056e-05,likelihood
jax_jit,2,8,full,min,gradient_time,7.094099964888301e-05,likelihood
treeflow,3,8,jc,mean,gradient_time,0.002643817800026227,likelihood
treeflow,3,8,jc,min,gradient_time,0.002366321999943466,likelihood
treeflow_native,3,8,jc,mean,gradient_time,0.0019822308999664527,likelihood
treeflow_native,3,8,jc,min,gradient_time,0.0018855680000342545,likelihood
jax,3,8,jc,mean,gradient_time,0.10161321030000181,likelihood
jax,3,8,jc,min,gradient_time,0.09881095999980971,likelihood
jax_jit,3,8,jc,mean,gradient_time,5.9637000003931465e-05,likelihood
jax_jit,3,8,jc,min,gradient_time,4.136699999435223e-05,likelihood
treeflow,3,8,full,mean,gradient_time,0.0033322676999887335,likelihood
treeflow,3,8,full,min,gradient_time,0.0032041590002336306,likelihood
treeflow_native,3,8,full,mean,gradient_time,0.0030838810999739507,likelihood
treeflow_native,3,8,full,min,gradient_time,0.002874329999940528,likelihood
jax,3,8,full,mean,gradient_time,0.22104603370003134,likelihood
jax,3,8,full,min,gradient_time,0.21221932800017385,likelihood
jax_jit,3,8,full,mean,gradient_time,7.697390005887428e-05,likelihood
jax_jit,3,8,full,min,gradient_time,6.179000001793611e-05,likelihood
treeflow,1,16,jc,mean,gradient_time,0.0036863872999674642,likelihood
treeflow,1,16,jc,min,gradient_time,0.0032681480001883756,likelihood
treeflow_native,1,16,jc,mean,gradient_time,0.002355167299947425,likelihood
treeflow_native,1,16,jc,min,gradient_time,0.00216279599999325,likelihood
jax,1,16,jc,mean,gradient_time,0.20862319479992947,likelihood
jax,1,16,jc,min,gradient_time,0.19892002999995384,likelihood
jax_jit,1,16,jc,mean,gradient_time,7.429950001096586e-05,likelihood
jax_jit,1,16,jc,min,gradient_time,5.4320999879564624e-05,likelihood
treeflow,1,16,full,mean,gradient_time,0.004650027900061105,likelihood
treeflow,1,16,full,min,gradient_time,0.004233205000218732,likelihood
treeflow_native,1,16,full,mean,gradient_time,0.003908109000076365,likelihood
treeflow_native,1,16,full,min,gradient_time,0.0035316240000611288,likelihood
jax,1,16,full,mean,gradient_time,0.32240207330000886,likelihood
jax,1,16,full,min,gradient_time,0.31693188700000974,likelihood
jax_jit,1,16,full,mean,gradient_time,0.00018156669989366492,likelihood
jax_jit,1,16,full,min,gradient_time,0.0001411379998899065,likelihood
treeflow,2,16,jc,mean,gradient_time,0.002672452699971473,likelihood
treeflow,2,16,jc,min,gradient_time,0.0025439099999857717,likelihood
treeflow_native,2,16,jc,mean,gradient_time,0.002033445000006395,likelihood
treeflow_native,2,16,jc,min,gradient_time,0.0019004720002158138,likelihood
jax,2,16,jc,mean,gradient_time,0.2006208832000084,likelihood
jax,2,16,jc,min,gradient_time,0.19669724100003805,likelihood
jax_jit,2,16,jc,mean,gradient_time,6.92215000071883e-05,likelihood
jax_jit,2,16,jc,min,gradient_time,5.233000001680921e-05,likelihood
treeflow,2,16,full,mean,gradient_time,0.004352538999864919,likelihood
treeflow,2,16,full,min,gradient_time,0.0040211689997704525,likelihood
treeflow_native,2,16,full,mean,gradient_time,0.0033380028999545177,likelihood
treeflow_native,2,16,full,min,gradient_time,0.0030508349996125617,likelihood
jax,2,16,full,mean,gradient_time,0.3297353096999814,likelihood
jax,2,16,full,min,gradient_time,0.3131421200000659,likelihood
jax_jit,2,16,full,mean,gradient_time,0.00010429879989715118,likelihood
jax_jit,2,16,full,min,gradient_time,7.287099970199051e-05,likelihood
treeflow,3,16,jc,mean,gradient_time,0.0031969827999546395,likelihood
treeflow,3,16,jc,min,gradient_time,0.002840952000042307,likelihood
treeflow_native,3,16,jc,mean,gradient_time,0.002140203199996904,likelihood
treeflow_native,3,16,jc,min,gradient_time,0.001994526000089536,likelihood
jax,3,16,jc,mean,gradient_time,0.20938375850009833,likelihood
jax,3,16,jc,min,gradient_time,0.19991577300015706,likelihood
jax_jit,3,16,jc,mean,gradient_time,6.766069996047008e-05,likelihood
jax_jit,3,16,jc,min,gradient_time,5.6043000313366065e-05,likelihood
treeflow,3,16,full,mean,gradient_time,0.0040347018999455034,likelihood
treeflow,3,16,full,min,gradient_time,0.003912803000275744,likelihood
treeflow_native,3,16,full,mean,gradient_time,0.0031068644999322713,likelihood
treeflow_native,3,16,full,min,gradient_time,0.002973790999931225,likelihood
jax,3,16,full,mean,gradient_time,0.3214283817999785,likelihood
jax,3,16,full,min,gradient_time,0.31499456600022313,likelihood
jax_jit,3,16,full,mean,gradient_time,0.00017525210009807778,likelihood
jax_jit,3,16,full,min,gradient_time,0.00015053099969009054,likelihood
treeflow,1,32,jc,mean,gradient_time,0.0035241885999766965,likelihood
treeflow,1,32,jc,min,gradient_time,0.0033359349999955157,likelihood
treeflow_native,1,32,jc,mean,gradient_time,0.0023430534999988595,likelihood
treeflow_native,1,32,jc,min,gradient_time,0.002231763000054343,likelihood
jax,1,32,jc,mean,gradient_time,0.4083484994999253,likelihood
jax,1,32,jc,min,gradient_time,0.3845108000000437,likelihood
jax_jit,1,32,jc,mean,gradient_time,0.00010760159989331441,likelihood
jax_jit,1,32,jc,min,gradient_time,7.792599990352755e-05,likelihood
treeflow,1,32,full,mean,gradient_time,0.006874995699990905,likelihood
treeflow,1,32,full,min,gradient_time,0.005866941000022052,likelihood
treeflow_native,1,32,full,mean,gradient_time,0.003935248699917793,likelihood
treeflow_native,1,32,full,min,gradient_time,0.00381509199996799,likelihood
jax,1,32,full,mean,gradient_time,0.5444933181000124,likelihood
jax,1,32,full,min,gradient_time,0.5177694879998853,likelihood
jax_jit,1,32,full,mean,gradient_time,0.0001314181999077846,likelihood
jax_jit,1,32,full,min,gradient_time,0.00010857799998120754,likelihood
treeflow,2,32,jc,mean,gradient_time,0.0039016355999137884,likelihood
treeflow,2,32,jc,min,gradient_time,0.0035998349999317725,likelihood
treeflow_native,2,32,jc,mean,gradient_time,0.0029287468999427803,likelihood
treeflow_native,2,32,jc,min,gradient_time,0.0025964569999814557,likelihood
jax,2,32,jc,mean,gradient_time,0.40845824920006635,likelihood
jax,2,32,jc,min,gradient_time,0.3983041940000476,likelihood
jax_jit,2,32,jc,mean,gradient_time,0.0001008733000162465,likelihood
jax_jit,2,32,jc,min,gradient_time,9.021500000017113e-05,likelihood
treeflow,2,32,full,mean,gradient_time,0.0059190081999531685,likelihood
treeflow,2,32,full,min,gradient_time,0.00538981399995464,likelihood
treeflow_native,2,32,full,mean,gradient_time,0.004405390599958992,likelihood
treeflow_native,2,32,full,min,gradient_time,0.0039052219999575755,likelihood
jax,2,32,full,mean,gradient_time,0.6488609594998707,likelihood
jax,2,32,full,min,gradient_time,0.5097677310000108,likelihood
jax_jit,2,32,full,mean,gradient_time,0.0002461605999542371,likelihood
jax_jit,2,32,full,min,gradient_time,0.00020000999984404189,likelihood
treeflow,3,32,jc,mean,gradient_time,0.0033894756000336203,likelihood
treeflow,3,32,jc,min,gradient_time,0.0031840420001572056,likelihood
treeflow_native,3,32,jc,mean,gradient_time,0.002499610000040775,likelihood
treeflow_native,3,32,jc,min,gradient_time,0.002308950000042387,likelihood
jax,3,32,jc,mean,gradient_time,0.40969354769999883,likelihood
jax,3,32,jc,min,gradient_time,0.4031937409999955,likelihood
jax_jit,3,32,jc,mean,gradient_time,0.00011653619990283914,likelihood
jax_jit,3,32,jc,min,gradient_time,9.852799985310412e-05,likelihood
treeflow,3,32,full,mean,gradient_time,0.00604289359989707,likelihood
treeflow,3,32,full,min,gradient_time,0.005688106999969023,likelihood
treeflow_native,3,32,full,mean,gradient_time,0.004187725000019782,likelihood
treeflow_native,3,32,full,min,gradient_time,0.003910276000169688,likelihood
jax,3,32,full,mean,gradient_time,0.5703611986999931,likelihood
jax,3,32,full,min,gradient_time,0.5396443919999001,likelihood
jax_jit,3,32,full,mean,gradient_time,0.0001378667000153655,likelihood
jax_jit,3,32,full,min,gradient_time,0.00011825499996120925,likelihood
treeflow,1,64,jc,mean,gradient_time,0.0059309025999937145,likelihood
treeflow,1,64,jc,min,gradient_time,0.005286405999868293,likelihood
treeflow_native,1,64,jc,mean,gradient_time,0.003052797999953327,likelihood
treeflow_native,1,64,jc,min,gradient_time,0.0026587910001580894,likelihood
jax,1,64,jc,mean,gradient_time,0.8057235689001118,likelihood
jax,1,64,jc,min,gradient_time,0.7951858020001055,likelihood
jax_jit,1,64,jc,mean,gradient_time,0.00017926810005519656,likelihood
jax_jit,1,64,jc,min,gradient_time,0.00011979200007772306,likelihood
treeflow,1,64,full,mean,gradient_time,0.009086122700045962,likelihood
treeflow,1,64,full,min,gradient_time,0.008408960999986448,likelihood
treeflow_native,1,64,full,mean,gradient_time,0.004308877899984509,likelihood
treeflow_native,1,64,full,min,gradient_time,0.004101747999811778,likelihood
jax,1,64,full,mean,gradient_time,1.0248629056000937,likelihood
jax,1,64,full,min,gradient_time,0.9946790250000959,likelihood
jax_jit,1,64,full,mean,gradient_time,0.00023014789994704187,likelihood
jax_jit,1,64,full,min,gradient_time,0.00019824499986498267,likelihood
treeflow,2,64,jc,mean,gradient_time,0.004289717899973766,likelihood
treeflow,2,64,jc,min,gradient_time,0.0040644380001140235,likelihood
treeflow_native,2,64,jc,mean,gradient_time,0.0026320753001527917,likelihood
treeflow_native,2,64,jc,min,gradient_time,0.0024628320002193504,likelihood
jax,2,64,jc,mean,gradient_time,0.9781772613998783,likelihood
jax,2,64,jc,min,gradient_time,0.8077389660002154,likelihood
jax_jit,2,64,jc,mean,gradient_time,0.0004336772999522509,likelihood
jax_jit,2,64,jc,min,gradient_time,0.0002886339998440235,likelihood
treeflow,2,64,full,mean,gradient_time,0.010191349699925922,likelihood
treeflow,2,64,full,min,gradient_time,0.008574118000069575,likelihood
treeflow_native,2,64,full,mean,gradient_time,0.004272692799941069,likelihood
treeflow_native,2,64,full,min,gradient_time,0.004186797999864211,likelihood
jax,2,64,full,mean,gradient_time,1.181267271600109,likelihood
jax,2,64,full,min,gradient_time,0.9606994730002043,likelihood
jax_jit,2,64,full,mean,gradient_time,0.00043853580000359217,likelihood
jax_jit,2,64,full,min,gradient_time,0.00038258299991866807,likelihood
treeflow,3,64,jc,mean,gradient_time,0.005269878599983712,likelihood
treeflow,3,64,jc,min,gradient_time,0.0050468419999560865,likelihood
treeflow_native,3,64,jc,mean,gradient_time,0.0032647908000399185,likelihood
treeflow_native,3,64,jc,min,gradient_time,0.002861666000171681,likelihood
jax,3,64,jc,mean,gradient_time,1.0274967686000764,likelihood
jax,3,64,jc,min,gradient_time,0.8359900939999534,likelihood
jax_jit,3,64,jc,mean,gradient_time,0.0003472474000318471,likelihood
jax_jit,3,64,jc,min,gradient_time,0.00025559700043231715,likelihood
treeflow,3,64,full,mean,gradient_time,0.009585522499992293,likelihood
treeflow,3,64,full,min,gradient_time,0.009027152999806276,likelihood
treeflow_native,3,64,full,mean,gradient_time,0.004651550400012638,likelihood
treeflow_native,3,64,full,min,gradient_time,0.004285223999886512,likelihood
jax,3,64,full,mean,gradient_time,1.2644848318000186,likelihood
jax,3,64,full,min,gradient_time,0.9902598419998867,likelihood
jax_jit,3,64,full,mean,gradient_time,0.0004963911999311676,likelihood
jax_jit,3,64,full,min,gradient_time,0.00039807999974073027,likelihood
treeflow,1,128,jc,mean,gradient_time,0.009504886999957307,likelihood
treeflow,1,128,jc,min,gradient_time,0.008587478000208648,likelihood
treeflow_native,1,128,jc,mean,gradient_time,0.003842556000017794,likelihood
treeflow_native,1,128,jc,min,gradient_time,0.0034034660002362216,likelihood
jax,1,128,jc,mean,gradient_time,1.8218341745999624,likelihood
jax,1,128,jc,min,gradient_time,1.6622685669999555,likelihood
jax_jit,1,128,jc,mean,gradient_time,0.0003495751999707863,likelihood
jax_jit,1,128,jc,min,gradient_time,0.0002907489997596713,likelihood
treeflow,1,128,full,mean,gradient_time,0.01878603769991969,likelihood
treeflow,1,128,full,min,gradient_time,0.01792787100021087,likelihood
treeflow_native,1,128,full,mean,gradient_time,0.006808492000027399,likelihood
treeflow_native,1,128,full,min,gradient_time,0.006623726000270835,likelihood
jax,1,128,full,mean,gradient_time,2.115888144700102,likelihood
jax,1,128,full,min,gradient_time,1.9564848550003262,likelihood
jax_jit,1,128,full,mean,gradient_time,0.0003886894000061147,likelihood
jax_jit,1,128,full,min,gradient_time,0.00031300399996325723,likelihood
treeflow,2,128,jc,mean,gradient_time,0.010141741200050092,likelihood
treeflow,2,128,jc,min,gradient_time,0.008997534000172891,likelihood
treeflow_native,2,128,jc,mean,gradient_time,0.0034523243000421644,likelihood
treeflow_native,2,128,jc,min,gradient_time,0.0033019889997376595,likelihood
jax,2,128,jc,mean,gradient_time,1.9258228030999818,likelihood
jax,2,128,jc,min,gradient_time,1.7432029739998143,likelihood
jax_jit,2,128,jc,mean,gradient_time,0.0005224108999755117,likelihood
jax_jit,2,128,jc,min,gradient_time,0.00035552100007407716,likelihood
treeflow,2,128,full,mean,gradient_time,0.020614037000086682,likelihood
treeflow,2,128,full,min,gradient_time,0.019144366000091395,likelihood
treeflow_native,2,128,full,mean,gradient_time,0.0069945096999617816,likelihood
treeflow_native,2,128,full,min,gradient_time,0.006743980000010197,likelihood
jax,2,128,full,mean,gradient_time,2.2164747056000125,likelihood
jax,2,128,full,min,gradient_time,1.9676533390002078,likelihood
jax_jit,2,128,full,mean,gradient_time,0.0004407599000387563,likelihood
jax_jit,2,128,full,min,gradient_time,0.0003789200000028359,likelihood
treeflow,3,128,jc,mean,gradient_time,0.008613988799970685,likelihood
treeflow,3,128,jc,min,gradient_time,0.007586975000322127,likelihood
treeflow_native,3,128,jc,mean,gradient_time,0.0032031201998961477,likelihood
treeflow_native,3,128,jc,min,gradient_time,0.003128415999981371,likelihood
jax,3,128,jc,mean,gradient_time,1.778621199500003,likelihood
jax,3,128,jc,min,gradient_time,1.7174965439999141,likelihood
jax_jit,3,128,jc,mean,gradient_time,0.0004850892000376916,likelihood
jax_jit,3,128,jc,min,gradient_time,0.00038407800002460135,likelihood
treeflow,3,128,full,mean,gradient_time,0.023470004999990125,likelihood
treeflow,3,128,full,min,gradient_time,0.022058381000078953,likelihood
treeflow_native,3,128,full,mean,gradient_time,0.007991214099956779,likelihood
treeflow_native,3,128,full,min,gradient_time,0.007408902999941347,likelihood
jax,3,128,full,mean,gradient_time,2.4961744811999322,likelihood
jax,3,128,full,min,gradient_time,2.050848841000061,likelihood
jax_jit,3,128,full,mean,gradient_time,0.0011695210000652878,likelihood
jax_jit,3,128,full,min,gradient_time,0.0011004500001945416,likelihood
treeflow,1,8,none,mean,forward_time,0.0011026886000308877,ratio_transform
treeflow,1,8,none,min,forward_time,0.0007223630000225967,ratio_transform
treeflow_native,1,8,none,mean,forward_time,0.0007188754999788216,ratio_transform
treeflow_native,1,8,none,min,forward_time,0.0006186219998198794,ratio_transform
treeflow,2,8,none,mean,forward_time,0.0008148811999490136,ratio_transform
treeflow,2,8,none,min,forward_time,0.0006815639999331324,ratio_transform
treeflow_native,2,8,none,mean,forward_time,0.0006310125999789307,ratio_transform
treeflow_native,2,8,none,min,forward_time,0.00053609199994753,ratio_transform
treeflow,3,8,none,mean,forward_time,0.000835338699971544,ratio_transform
treeflow,3,8,none,min,forward_time,0.0006704419997731748,ratio_transform
treeflow_native,3,8,none,mean,forward_time,0.000691349499993521,ratio_transform
treeflow_native,3,8,none,min,forward_time,0.0005774739997832512,ratio_transform
treeflow,1,16,none,mean,forward_time,0.0008389903000534105,ratio_transform
treeflow,1,16,none,min,forward_time,0.0006786790004298382,ratio_transform
treeflow_native,1,16,none,mean,forward_time,0.0006469583999660245,ratio_transform
treeflow_native,1,16,none,min,forward_time,0.000580694999825937,ratio_transform
treeflow,2,16,none,mean,forward_time,0.0008518271999037097,ratio_transform
treeflow,2,16,none,min,forward_time,0.0006950469996809261,ratio_transform
treeflow_native,2,16,none,mean,forward_time,0.0006352465999952984,ratio_transform
treeflow_native,2,16,none,min,forward_time,0.0005613590001303237,ratio_transform
treeflow,3,16,none,mean,forward_time,0.000887633700040169,ratio_transform
treeflow,3,16,none,min,forward_time,0.000753962000089814,ratio_transform
treeflow_native,3,16,none,mean,forward_time,0.000678276500048014,ratio_transform
treeflow_native,3,16,none,min,forward_time,0.0005750590003117395,ratio_transform
treeflow,1,32,none,mean,forward_time,0.0009920274001160578,ratio_transform
treeflow,1,32,none,min,forward_time,0.000793997000073432,ratio_transform
treeflow_native,1,32,none,mean,forward_time,0.0006618553999942379,ratio_transform
treeflow_native,1,32,none,min,forward_time,0.0005557039999075641,ratio_transform
treeflow,2,32,none,mean,forward_time,0.000948179400029403,ratio_transform
treeflow,2,32,none,min,forward_time,0.0007819709999239421,ratio_transform
treeflow_native,2,32,none,mean,forward_time,0.0007051922999835369,ratio_transform
treeflow_native,2,32,none,min,forward_time,0.0005839890000061132,ratio_transform
treeflow,3,32,none,mean,forward_time,0.0009351616999083489,ratio_transform
treeflow,3,32,none,min,forward_time,0.000806732999990345,ratio_transform
treeflow_native,3,32,none,mean,forward_time,0.0006619816000238643,ratio_transform
treeflow_native,3,32,none,min,forward_time,0.0005749429997194966,ratio_transform
treeflow,1,64,none,mean,forward_time,0.0010759205998965627,ratio_transform
treeflow,1,64,none,min,forward_time,0.0008784449996710464,ratio_transform
treeflow_native,1,64,none,mean,forward_time,0.0006628983000609879,ratio_transform
treeflow_native,1,64,none,min,forward_time,0.0005466430002343259,ratio_transform
treeflow,2,64,none,mean,forward_time,0.0011051807000058034,ratio_transform
treeflow,2,64,none,min,forward_time,0.0009058309997271863,ratio_transform
treeflow_native,2,64,none,mean,forward_time,0.0006876634000491322,ratio_transform
treeflow_native,2,64,none,min,forward_time,0.0005675150000570284,ratio_transform
treeflow,3,64,none,mean,forward_time,0.0010947092999231244,ratio_transform
treeflow,3,64,none,min,forward_time,0.0009208159999616328,ratio_transform
treeflow_native,3,64,none,mean,forward_time,0.0007129309000447392,ratio_transform
treeflow_native,3,64,none,min,forward_time,0.000616262000221468,ratio_transform
treeflow,1,128,none,mean,forward_time,0.0013165713999569561,ratio_transform
treeflow,1,128,none,min,forward_time,0.0011394279999876744,ratio_transform
treeflow_native,1,128,none,mean,forward_time,0.0007737380000435223,ratio_transform
treeflow_native,1,128,none,min,forward_time,0.0005967619999864837,ratio_transform
treeflow,2,128,none,mean,forward_time,0.0013080777000141098,ratio_transform
treeflow,2,128,none,min,forward_time,0.00111760800018601,ratio_transform
treeflow_native,2,128,none,mean,forward_time,0.0006336788999760756,ratio_transform
treeflow_native,2,128,none,min,forward_time,0.0005536089997804083,ratio_transform
treeflow,3,128,none,mean,forward_time,0.0013323494999895047,ratio_transform
treeflow,3,128,none,min,forward_time,0.0011019049998139963,ratio_transform
treeflow_native,3,128,none,mean,forward_time,0.0006709726999815757,ratio_transform
treeflow_native,3,128,none,min,forward_time,0.0005592839997916599,ratio_transform
treeflow,1,8,none,mean,gradient_time,0.0008073308998973516,ratio_transform
treeflow,1,8,none,min,gradient_time,0.0007311160002245742,ratio_transform
treeflow_native,1,8,none,mean,gradient_time,0.0006235686999389145,ratio_transform
treeflow_native,1,8,none,min,gradient_time,0.0005739270000049146,ratio_transform
treeflow,2,8,none,mean,gradient_time,0.0007333875000313129,ratio_transform
treeflow,2,8,none,min,gradient_time,0.0006480130000454665,ratio_transform
treeflow_native,2,8,none,mean,gradient_time,0.0006995080999331549,ratio_transform
treeflow_native,2,8,none,min,gradient_time,0.0005558779998864338,ratio_transform
treeflow,3,8,none,mean,gradient_time,0.0007744010999886086,ratio_transform
treeflow,3,8,none,min,gradient_time,0.000700378000146884,ratio_transform
treeflow_native,3,8,none,mean,gradient_time,0.0006214628998350236,ratio_transform
treeflow_native,3,8,none,min,gradient_time,0.0005738859999837587,ratio_transform
treeflow,1,16,none,mean,gradient_time,0.0007586728999740445,ratio_transform
treeflow,1,16,none,min,gradient_time,0.0007299079998119851,ratio_transform
treeflow_native,1,16,none,mean,gradient_time,0.0006053220000467263,ratio_transform
treeflow_native,1,16,none,min,gradient_time,0.0005643879999297496,ratio_transform
treeflow,2,16,none,mean,gradient_time,0.0007567476999611244,ratio_transform
treeflow,2,16,none,min,gradient_time,0.0006906089997755771,ratio_transform
treeflow_native,2,16,none,mean,gradient_time,0.0006149705000552785,ratio_transform
treeflow_native,2,16,none,min,gradient_time,0.0005643659997076611,ratio_transform
treeflow,3,16,none,mean,gradient_time,0.0008081337999556127,ratio_transform
treeflow,3,16,none,min,gradient_time,0.0007116130000213161,ratio_transform
treeflow_native,3,16,none,mean,gradient_time,0.0005977260999770806,ratio_transform
treeflow_native,3,16,none,min,gradient_time,0.0005423650000011548,ratio_transform
treeflow,1,32,none,mean,gradient_time,0.0008726201000627043,ratio_transform
treeflow,1,32,none,min,gradient_time,0.0008004010001059214,ratio_transform
treeflow_native,1,32,none,mean,gradient_time,0.000594196700012617,ratio_transform
treeflow_native,1,32,none,min,gradient_time,0.0005464569999276137,ratio_transform
treeflow,2,32,none,mean,gradient_time,0.0008452971000224352,ratio_transform
treeflow,2,32,none,min,gradient_time,0.0007453230000464828,ratio_transform
treeflow_native,2,32,none,mean,gradient_time,0.0006486342000243895,ratio_transform
treeflow_native,2,32,none,min,gradient_time,0.0005772590002379729,ratio_transform
treeflow,3,32,none,mean,gradient_time,0.0009433861999696092,ratio_transform
treeflow,3,32,none,min,gradient_time,0.0008378819998142717,ratio_transform
treeflow_native,3,32,none,mean,gradient_time,0.0006474999000147363,ratio_transform
treeflow_native,3,32,none,min,gradient_time,0.0005795859997306252,ratio_transform
treeflow,1,64,none,mean,gradient_time,0.001148914599980344,ratio_transform
treeflow,1,64,none,min,gradient_time,0.0010316409998267773,ratio_transform
treeflow_native,1,64,none,mean,gradient_time,0.0005762620999121282,ratio_transform
treeflow_native,1,64,none,min,gradient_time,0.0005265759996291308,ratio_transform
treeflow,2,64,none,mean,gradient_time,0.0010718694000843242,ratio_transform
treeflow,2,64,none,min,gradient_time,0.000988767000308144,ratio_transform
treeflow_native,2,64,none,mean,gradient_time,0.0006161851000342722,ratio_transform
treeflow_native,2,64,none,min,gradient_time,0.000560492000204249,ratio_transform
treeflow,3,64,none,mean,gradient_time,0.0010558417000083864,ratio_transform
treeflow,3,64,none,min,gradient_time,0.0009887390001495078,ratio_transform
treeflow_native,3,64,none,mean,gradient_time,0.0006724630000007892,ratio_transform
treeflow_native,3,64,none,min,gradient_time,0.0005577060001087375,ratio_transform
treeflow,1,128,none,mean,gradient_time,0.0013589386999228736,ratio_transform
treeflow,1,128,none,min,gradient_time,0.0012464759997783403,ratio_transform
treeflow_native,1,128,none,mean,gradient_time,0.0005993330999444879,ratio_transform
treeflow_native,1,128,none,min,gradient_time,0.0005495159998645249,ratio_transform
treeflow,2,128,none,mean,gradient_time,0.0013312467000105243,ratio_transform
treeflow,2,128,none,min,gradient_time,0.0012572129999171011,ratio_transform
treeflow_native,2,128,none,mean,gradient_time,0.0006218864000402391,ratio_transform
treeflow_native,2,128,none,min,gradient_time,0.0005493230000865879,ratio_transform
treeflow,3,128,none,mean,gradient_time,0.0013554464000662847,ratio_transform
treeflow,3,128,none,min,gradient_time,0.0012360079999780282,ratio_transform
treeflow_native,3,128,none,mean,gradient_time,0.0005963807000171073,ratio_transform
treeflow_native,3,128,none,min,gradient_time,0.000558003000151075,ratio_transform
